platform,author,brand,comment,sentiment
YouTube_Western,@zachrully5672,fenty,i'm fenty,neutral
YouTube_Western,@User38344,fenty,people supporting fenty rihanna us child labour dig mica mine makeup company talk saving child africa ğŸ˜‚,positive
YouTube_Western,@ajmartinez5885,fenty,ğŸ˜˜ fenty skin,neutral
YouTube_Western,@idkwhattodo888,fenty,im tan person although im black started using fenty foundation foundation shade skin tint definitely fav tho,positive
YouTube_Western,@tundrasome9409,fenty,aspiring mua koyvoca seems like great affordable alternative fenty,positive
YouTube_Western,@KalypsoVega,fenty,hard get mine yellow red undertone fenty beauty really cover either ...,positive
YouTube_Western,@kana1372,fenty,fenty cruelty free,negative
YouTube_Western,@fgh5858,fenty,fenty best doubt im middle eastern although im light skinned barley find foundation warm undertone usually wear yellow foundation suit skin shade cant compare fenty brand literally best brand sephora shade looking eyeliner stay night great gloss favorite brand meant yt people ğŸ˜ª,positive
YouTube_Western,@samaroz6603,fenty,also love fenty's shade name name number people espresso cinammon thing degrade people exotic food item color use number easier order control degrading,positive
YouTube_Western,@truebaronesse5653,fenty,fenty owned lvmh white owned company forgot mention inconvenient fact,negative
YouTube_Western,@madhumita4377,fenty,cannot afford fenty glad atleast catering u pocs give hope,positive
YouTube_Western,@xrystal89,fenty,brand like fenty became popular suddenly many beauty brand lot color palette guess finally realized money still green matter shade hand giving,positive
YouTube_Western,@sarajoanna1618,fenty,fool think fenty beauty empowerment including money,positive
YouTube_Western,@kumail4038,fenty,r p fenty,neutral
YouTube_Western,@haneyah917,fenty,everyone shade ğŸ– ğŸ– ğŸ–ğŸ» ğŸ–ğŸ» ğŸ–ğŸ» ğŸ–ğŸ» ğŸ–ğŸ» ğŸ–ğŸ¼ ğŸ–ğŸ¼ ğŸ–ğŸ¾ ğŸ–ğŸ¿ fenty ğŸ– ğŸ– ğŸ–ğŸ» ğŸ–ğŸ» ğŸ–ğŸ» ğŸ–ğŸ» ğŸ–ğŸ¼ ğŸ–ğŸ¼ ğŸ–ğŸ¼ ğŸ–ğŸ¼ ğŸ–ğŸ½ ğŸ–ğŸ½ ğŸ–ğŸ¼ ğŸ–ğŸ¼ ğŸ–ğŸ¼ ğŸ–ğŸ¾ ğŸ–ğŸ¾ ğŸ–ğŸ¾ ğŸ–ğŸ¾ ğŸ–ğŸ¿ ğŸ–ğŸ¿ ğŸ–ğŸ¿ ğŸ–ğŸ¿ ğŸ–ğŸ¿ ğŸ–ğŸ¿ ğŸ–ğŸ¿ ğŸ–ğŸ¿ ğŸ–ğŸ¿,neutral
YouTube_Western,@_mahi_7107_,fenty,person color fenty best foundation match every shade,positive
YouTube_Western,@gnomo8943,fenty,aguante rihanna viva fenty,neutral
YouTube_Western,@MrHamster34,fenty,uhmm mac rcma make ever kryolan mehron ben nye graftobian professional brand wide range foundation year fenty give credit due,positive
YouTube_Western,@tiffanyd.flowersfuturefocu369,fenty,beginning #fenty â¤,neutral
YouTube_Western,@Im_in_love,fenty,ulta today considering buying hot chocolit thought skin light guess proven wrong ğŸ˜… really love shade fenty glow,positive
YouTube_Western,@swiftiesquirrel1989,fenty,love fenty shade look great everyone,positive
YouTube_Western,@amritharejisanthosh6254,fenty,fenty know they're people want ğŸ˜ ğŸ˜ ğŸ˜ ğŸ¦„,positive
YouTube_Western,@baileyspeltbeefy1768,fenty,feel like problem end complexion spectrum â€¦ people dark end struggle greatly find foundation concealer perfectly match skin tone tone people pale end struggle greatly find foundation concealer perfectly match skin tone tone pale nearly impossible find something work perfectly come drug store even harder .. fenty first brand truly matched since makeup brand gotten better made something truly work pale skin many brand still dark right tone,positive
YouTube_Western,@nortondade5985,fenty,couple year ago decided try fenty concealer perfect always get go harvey nichols released skin tin loved tinted spf daily essential skin care also daily routine there something skin love,positive
YouTube_Western,@MissAlenkin,fenty,vampire pale shade foundation usually mix everything whitening drop thank fenty forcing brand make colour inclusive pallet hope people south asia africa european beauty company usually dont cater u agree world still perfect deffinetly getting better regard personally fenty foundation texture suitable although love concealer found match another brand inspired,positive
YouTube_Western,@chrisluminare3076,fenty,promoting fentynol ..,positive
YouTube_Western,@sharen219,fenty,fenty beauty goated,positive
YouTube_Western,@danielcrotty8697,fenty,want meeting ulta decided start carrying fenty accept ch nemesis brand store cant fun moment,positive
YouTube_Western,@aqua-mina,fenty,keep meaning get fenty foundation never got around dont makeup well,negative
YouTube_Western,@SouthernBelleReviews,fenty,one never bought owned anything fenty beauty fenty skin owned perfume rihanna never beauty,positive
YouTube_Western,@renatahonorato6895,fenty,fenty beauty changed market forever,positive
YouTube_Western,@user-mz9iy9py6m,fenty,rare sell way better fenty overtaken fenty sale year ..,positive
YouTube_Western,@EwMan-h8b,fenty,fenty beauty foundation gloss dont like either get oily sweaty easily way wear foundation slather kind moisturizer beforehand otherwise itll crack dry formula dry immediately touching skin make hard blend youd think would good thing oily skin nope good luck finding cheap setting spray make last foundation last maybe hour max ive tried different setting spray foundation make horrible best foundation combo oily skin macc already bought fenty cant afford buy new bottle im stuck oh shade ulta recommended make completely yellow ğŸ˜¢,positive
YouTube_Western,@karenndoro6383,fenty,fenty beauty everyone felt seen mean skin type,positive
YouTube_Western,@thaisgregorio2734,fenty,fenty's marking successful even someone like usually wear makeup leave house maximum week work home curious interested trying bought beautiful fenty heat gloss concealer pleasantly suprised mathched perfectly find hard find shade match light brown shade skin concealers usually look dark light even though fenty quite expansive country think worth,positive
YouTube_Western,@diopfifi4937,fenty,fenty beauty well,positive
YouTube_Western,@kashmirichai123,fenty,also mentioned fenty claim cruelty free yet us child slave mined mineral india,negative
YouTube_Western,@hannahshark8080,fenty,even fenty beauty fails people especially woman colour beauty industry huge alone thank rihanna â¤ ï¸,positive
YouTube_Western,@jonathanlatouche7013,fenty,fenty fenthy,neutral
YouTube_Western,@dizmop,fenty,saw clip called rise fall fenty,neutral
YouTube_Western,@ecenbt,fenty,i'm really make girlie sense love putting make playing color seldom time energy sifting plethora product fenty came huge range product message quality accessibility inclusivity kind brainer try see liked found product swear absolutely need look thing almost exclusively shop fenty easy know let term range quality think really knew create loyal customer life long customer,positive
YouTube_Western,@jojomargaux9295,fenty,yall fenty beauty laughed saw woman walk life uniting together laughing dancing living sharing story amazing promoting marketing fenty beauty definitely practiced 4ps marketing â¤ rihanna need get brand level like pat magraw brand rihanna doesnt dominate market foundation lip product real great shadow pallet staple makeup product get see careful better researching customer want stay around love â¤,positive
YouTube_Western,@Kelly-mi1yz,fenty,heard lipstick release great formula keep making color also watch lot beauty community little creator use fenty,positive
YouTube_Western,@sylviak6268,fenty,mac go wrong brand choice took switch fenty didnt mac lead way shade range inclusivity,negative
YouTube_Western,@halehydraa,fenty,someone rarely wear make really wish fenty would release like mini version foundation,positive
YouTube_Western,@lorifrederick2367,fenty,working sephora jcp hearing upcoming fenty launch thought oh great .. another celebrity makeup line snore well education launched totally gobsmacked range color undertone anything ever seen fulfilling able match foundation everyone even shade light medium pink undertone extremely hard get match sale roof many many happy customer definitely set bar brand seen many launch brand since still lack day age shade range rare beauty come close fenty beauty consistently launched excellent product lip gloss divine pry ease drop skintint powder foundation cold dead hand course many backup way go fenty beauty,positive
YouTube_Western,@MsAdri89,fenty,fenty available ulta genus ideal cost living keep going many u benefit ultas reward point system better sephora,positive
YouTube_Western,@fernandohlima_,fenty,rihanna genius way think impressive think fenty going still successful moving forward first good move come mind support feeling fact rihanna put known name brand put last name make little bit difficult people general connect everything good although association benefit brand also disconnection allow rihanna live life without people getting sick hearing name time second rihanna low-key lifestyle reveal much personal life public nowadays even know son's name hahaha sense kinda stay trouble image stay cool possible far music industry also plus matter give less space people criticize,positive
YouTube_Western,@sophroniel,fenty,wanted bad purchase dainty doll foundation unable source new zealand kind ironic fenty even go light enough pink enough skin tone despite press they've running since beginning saying cater skin tone white mixer would less critical foundation yellow mac's fenty first wide shade range biggest loudest,negative
YouTube_Western,@steeldrumheart601,fenty,allot company said created wider range skin tone follow fenty go store reverted selling specific shade like before.they still underestimate brown consumer that's loss,neutral
YouTube_Western,@lizday3067,fenty,mentioned risk losing luxury status think sophisticated still relatively affordable continues emphasis inclusivity luxury brand higher price point inherently exclusive purchased fenty product im excited see brand go,positive
YouTube_Western,@gjimjams,fenty,hated ketchup gloss thing hey like buy harm ... love fenty boot uk make accessible think brand image strong enough take association ... let's say great win boot ğŸ˜œ,positive
YouTube_Western,@zdoriksandorik,fenty,remember exactly fenty beauty dropped foundation shadesand right pale colour i'm person general shade ivory white always dark yellow remember pre-fenty impossible friend buy sort pale foundation really changed game,positive
YouTube_Western,@jhoover3098,fenty,watching video back back understitchs fenty fashion video everything rise rise beauty line many mistake fashion line great lesson building customer loyalty honestly video assigned business class well done ğŸ† ğŸ† ğŸ†,positive
YouTube_Western,@namjoonsgf41,fenty,i've watch video similar video topic fenty rise fall true ğŸ¥² https://youtu.be/gclgdfutyci,positive
YouTube_Western,@societycrumbles,fenty,i've said say lot lack inclusvity makeup world fenty releasing shade foundation considered revolutionary,negative
YouTube_Western,@yahainHotPink,fenty,september official launch time fenty beauty guess alliance started,positive
YouTube_Western,@cherissetillman8973,fenty,try fenty wear makeup wanted try good brand,positive
YouTube_Western,@thecat5819,fenty,japanese person life united state currently japanese american immigrant generation country etc interesting see american cause sort problem relation japanese people often use japanese people arent upset back home sensitive american need calm point japanese american going pick recurring issue compared u japanese people tend isolated anti-japanese anti-asian racism important emphasize think like pocs honestly ethnic group general like appreciation.so see non japanese person kimono think totally cool think japanese people think way perception what's used weapon people defend actual issue cultural appropriation huge vital concept acknowledge japanese cultural-related thing think merely misrepresentation misinformation aspect wearing cheongsam china geisha japan look katy perry paper mentioned misinformation misrepresentation.mixing matching culture like continuously spread false narrative u asian think people get caught white person wearing kimono ok rather looking issue specifically mixing matching culture furthermore almost kimono context western usage weird orientalist shiny flimsy cloth japanese kimono shiny lol thin showing lot skin layering kimono outside yukatas summer heavily layered point warmer wear kimono outside japanese winter western clothing jacket curvy curvy silhouette historically speaking huge western trend went historically speaking corset japan emphasize straight silhouette kimono deliberately hide waist look like rectangle using thick expensive piece called obi throw chinese motif print japanese chinese print different visually different culture dragon thing maybe korean influence well play mixing matching game cultural clothing color also super opt demure color rather super bright one tabi worn despite kimono presented non-yukata.another depiction kimono almost even bastardized way used synonym robe often time see bridesmaid robe labeled kimono sleek shiny showing lot skin layer non-japanese patterning probably associated orientalist association finally kim kardashian pre-skims kimono scandal gone forth original name fear even watered cultural clothing would've become.another issue brand depicting inaccurate depiction kimono might use east asian model may japanese consumer care fit mental orientalist assumption think another huge issue spreading misconception usage east asian model allows false credibility depicted clothing consumer know better would think ah east asian clothing worn east asian mean kimono legit actually saw tiktok made good intention hence trending showed bad asian cultural clothing usually halloween costume v real asian cultural clothing except kimono creator didnt realize fault ended using picture nonauthentic kimono chinese website east asian country also nonauthentic depiction eachother's cultural clothing like japan also depict chinese cultural clothing stereotypically often seen manga trope chun li example anyway creator saw looked legit enough came mainland asian website believed authentic unforutnately unintentionally continued spread misinformation term kimono presented real version haha harmful well.the makeup industry controversy orientalist stuff new seen limecrime china doll mixed culture full misinformation incident fenty beauty thing honest seen worse wouldnt personally feel super upset way used mere adjective course contribution watering culture like kimono skim incident outrage understandable.anyway instead looking kimono english due rampant misinformation halloween brand tryna sell sexy dragon geisha lady kpop konnichiwa clothes pushing wrong result top always tell peer look google image ç€ç‰©ã¯ translates kimono hiragana end google know search request japanese æŒ¯è¢–ã¯ translates furisode hiragana end google know search request japanese ç€ç‰©ã®ç¨®é¡ look type kimono range yukata furisode oofurisode kimono subcategory within category houmongi hakama also piece added onto kimono furisode creates hakama look graduation worn working shinto temple geisha'èŠ¸è€…ã¨ã¯ geisha èŠ¸è€…ã¨èˆå¦“ã®é•ã„ difference geisha maiko èŠ¸è€…ã¨èˆå¦“ã¨èŠ±é­ã®é•ã„ difference geisha maiko oiran oiran often sexualized fetishized lot orientalist stuff come imo esp people dont know difference betwen geisha oiran lol common component japanese kimono tabi-zouri fancier geta often casual obijime-obi-obiage-nagajyuban longer version hanjyuban halfsized version hadajyuban go directly skin dateeri kasaneeri-datejime-erishinall piece layered layered furisode formal kimono oofurisode many layer huge extravagant print perfect winter weather yukata casual easy put minimal layer summer season often cooler color blue green faded brown simple pattern summer weather anyway watching evolution fenty beauty really neat keep great content sorry unrelated ramblings comment section thought relevant enough splurge info best could fellow viewer might interested haha,positive
YouTube_Western,@K.aterina,fenty,love fenty brand find foundation match,positive
YouTube_Western,@BossBrookeArmstrong,fenty,find fenty beauty sooooooo overrated ğŸ¥± feel like rihannas name wasnt attached one would really care product decent extraordinary,positive
YouTube_Western,@justinemarin16,fenty,personally fan ketchup gloss marketing scheme always thought fenty beauty sophisticated chic brand release ruined imo much mouth made video put well came gimmicky touch usual branding marketing usually effective staying relevant keeping trend one done tacky way imo,positive
YouTube_Western,@davidanderson3407,fenty,owner robyn fenty ); lvmh parent kendo holding lvmh fenty corp,neutral
YouTube_Western,@jynnejillmendoza5294,fenty,kawaykaway sa napunta didto dahil sa ballang hamog na inggit na inggit sa isang muph candidate ti-nag pa talaga sa comment section itong fenty beauty copyright kunwari concerned pero baklang hamog,positive
YouTube_Western,@jeylakeybreezy7050,fenty,#fentybeauty song b cute blnd music werdest song ad use music like wtf brand use music,positive
YouTube_Western,@Mouhamedtounkara09,fenty,l love fenty.it good see black woman star live riri et queen b start solution like b'cause black need see closhes lip shoe make ups corresponding b'cause sortÃ®mes easy find it.wish Ã  good continuation love riri ğŸ’‹ â¤,positive
YouTube_Western,@kumaladewii,fenty,love fenty beauty please notice asian korean japanese chinese there's also south east asian different skintone east asian woman,positive
YouTube_Western,@awa7671,fenty,#teamfentybeauty thanks rihanna,positive
YouTube_Western,@erkan-n,fenty,u watch video fenty beauty rih,positive
YouTube_Western,@livelaughloveMSZ,fenty,boycott fenty beauty ğŸ‡µğŸ‡¸ ğŸ‡µğŸ‡¸ ğŸ‡µğŸ‡¸,positive
YouTube_Western,@hudaali1854,fenty,slayyyed eata devoured dont need hilight hilight fenty â¤ â¤ â¤,neutral
YouTube_Western,@anacarolinapereirarozendo5776,fenty,essa base e difÃ­cil de encontrar da fenty,neutral
YouTube_Western,@daphanie9054,fenty,say fenty,neutral
YouTube_Western,@landshark3509,fenty,fenty lipstick remind kaleidos clay lipstick,neutral
YouTube_Western,@someone8323,fenty,hmmm well fenty one doesnt emphasize lip wrinkle using dark shade lipstick try one lighter shade youd see problem know many lip line lipstick worsens texture,negative
YouTube_Western,@Life-vu5te,fenty,fenty lipstick reminds old liquid lipstick lakme indian brand range,neutral
YouTube_Western,@cheribxo,fenty,fenty beauty take money point ğŸ˜… would love see eye-look video look gorgeous ğŸ˜»,positive
YouTube_Western,@Brandi1823,fenty,fenty day everyday ğŸ’œ,neutral
YouTube_Western,@rihannalover2461,fenty,love rihanna fenty beauty win,positive
YouTube_Western,@tammysaj4566,fenty,fenty,neutral
YouTube_Western,@aliciabyul9550,fenty,fenty beauty shade baby get make gonna fenty beauty,positive
YouTube_Western,@oussamazaanouni1492,fenty,literally comparing incomparable fenty beauty another level,positive
YouTube_Western,@suckstobeaslay,fenty,fenty duhh,neutral
YouTube_Western,@mk78786,fenty,guy showed lil si video much makeup lover absolutely loved fenty beauty disgusted kylie cosmetic lived lipstick fenty literally went came kylie,positive
YouTube_Western,@cheikhounadieye148,fenty,giving fbi logo year signification fenty langue peul lie lie tea calling wine beauty water c3acollhing wine,positive
YouTube_Western,@kassyyoung9870,fenty,fenty ofc ... spent fenty ... nva tried kylie though,neutral
YouTube_Western,@genieNotinabottle,fenty,fenty â¤ ï¸ ğŸ’• ğŸ’¯ ğŸ’• â¤ ï¸ ğŸ’¯,neutral
YouTube_Western,@amandangcobo7116,fenty,fenty beauty one ğŸ’,positive
YouTube_Western,@thePrincessv,fenty,fenty fantastic â¤ ï¸ ğŸ’ kyle belongs ğŸ—‘,positive
YouTube_Western,@petronellembembeekwalanga562,fenty,fenty bro,neutral
YouTube_Western,@gabrielavitoria3796,fenty,4:32 took realize basic thought skin care something preparatory skin sorry understand kind thing i'm really impressed ability fenty base dream use one day,positive
YouTube_Western,@gurnaazvirk569,fenty,huh obviously fenty beauty ğŸŒ´ ğŸ¦‹ ğŸ¦‹ ğŸ¦‹,positive
YouTube_Western,@schoolgyaru,fenty,tbh even watch video fenty beauty already,positive
YouTube_Western,@kimberlysbeautyandstyle6695,fenty,fenty beauty way,positive
YouTube_Western,@Vspee,fenty,kylie cosmetic ğŸ¤šğŸ» ğŸ¤šğŸ¼ fenty beauty ğŸ¤šğŸ» ğŸ¤šğŸ¼ ğŸ¤šğŸ½ ğŸ¤šğŸ¾ ğŸ¤šğŸ¿,positive
YouTube_Western,@RealPhoenixRising,fenty,kylie cosmetic ğŸ‘©ğŸ» fenty beauty ğŸ‘©ğŸ¼ ğŸ‘©ğŸ¼â€ğŸ¦± ğŸ‘©ğŸ»â€ğŸ¦° ğŸ‘©ğŸ» ğŸ‘©ğŸ»â€ğŸ¦± ğŸ‘©ğŸ½ ğŸ‘©ğŸ½â€ğŸ¦± ğŸ‘©ğŸ¾ ğŸ‘©ğŸ¾â€ğŸ¦± ğŸ‘©ğŸ¿ ğŸ‘©ğŸ¿â€ğŸ¦±,positive
YouTube_Western,@v.h2755,fenty,fenty care people pure,positive
YouTube_Western,@ë§ìµ¸,fenty,hey um .. fenty beauty ofcrs,positive
YouTube_Western,@elizabethgeorge4588,fenty,fenty beauty period,positive
YouTube_Western,@dontdamnme3727,fenty,fenty,neutral
YouTube_Western,@tatianalaurier8658,fenty,think fenty best put make face lmao know say,positive
YouTube_Western,@OmerMD,fenty,fenty red damn redthe kylie lipstick ...,negative
YouTube_Western,@cherylholmes9636,fenty,need stop fussing company serve u go welcomed ignore serve simply letting know dont want customer i'm cool giving company air rhianna's fenty understands assignment,positive
YouTube_Western,@melb4598,fenty,seriously though talk fact major line â€œ decade â€ act like knew brown skin didnt im supporting fenty,negative
YouTube_Western,@aubreycannotdraw,fenty,fenty ğŸ”› ğŸ”,neutral
YouTube_Western,@micaela4728,fenty,fenty always slay,neutral
YouTube_Western,@smallpupper,fenty,fenty r e seriously killing competition love product,negative
YouTube_Western,@oliviam2445,fenty,got perfect shade match fenty never found something right amount orange red shade im indigenous latino rihanna always pale brown dark skin girl ğŸ™ğŸ¼,positive
YouTube_Western,@Dutch_Van.DerLinde,fenty,fenty shade range amazing awkward skin tone fenty first foudation skin tint first match skin tone,positive
YouTube_Western,@nancystampphoenix3109,fenty,fenty make artist best friend â¤ â¤ â¤,positive
YouTube_Western,@TheChels91,fenty,argument â€¦ fenty best dark skin,positive
YouTube_Western,@BoxofCarrots,fenty,fenty would've never found foundation concealer actually matched vampiric as literally life-changing,neutral
YouTube_Western,@remynisce,fenty,fenty honestly good girl color ğŸ˜­,positive
YouTube_Western,@divalarue,fenty,always buy fenty integrity quality first laugh copy kardashians's look copy whatever black woman style past present future give u prop,positive
YouTube_Western,@tatianalaurier8658,fenty,damn fenty fire ğŸ”¥,negative
YouTube_Western,@Soothsoundasmr,fenty,jealously realise black people exist fenty exist wtf i'm sticking black brand,negative
YouTube_Western,@xandriemme7578,fenty,albino person tried fenty loved let's give round applause queen ğŸ‘ ğŸ‘,positive
YouTube_Western,@fatemasajjad2019,fenty,kylie come shade many brand coping fenty kylie happy coming shade kylie fan girl,positive
YouTube_Western,@cand2904,fenty,like rihanna dont know new fenty skin line similar kylie skin line even design name,positive
YouTube_Western,@queendomcentral2235,fenty,#teamfenty #pouty,neutral
YouTube_Western,@zubugumis,fenty,video ended phone showed sephora fenty beauty phone know what's good :),positive
YouTube_Western,@sophialorencoffee9055,fenty,tell riri's line serious ... fund limited fenty win,positive
YouTube_Western,@ETHYLYNN,fenty,never bought kim kardashian kylie jenner product kardashians show allowed even played house horrible role model year old daughter however drop new fenty line rihanna gave u pro filter hydrating longwear foundation ğŸ˜ ğŸ¥° juvias place line daughter,negative
YouTube_Western,@alyssa6477,fenty,whole bashing tarte complete waste time honest everyone including jumping band wagon talking topic yes agree tarte wrong ... kept one formula large amount shade u woc tarte brand extend color u woc talk brand tarte spotlight maybe might disagree i'm saying let's honest i'm right talk one brand plenty others one acknowledging example shape tape wide range shade one talked yes brand excuse can't cater u woc everyone speaking fenty nars bobbi brown etc shade fuss tarte go brand cater bunch bull honestly say fall woc ain't going fret something go another brand,positive
YouTube_Western,@vipradave8454,fenty,last two shade tarte even look different think high time every makeup brand start understand diversity skin tone make product inclusive skin tone fact even nars recently launched huge shade range foundation can't forget pioneer fenty beauty great video arshia i'm glad brave enough speak brand offer shade range ğŸ˜˜ ğŸ˜˜ ğŸ˜˜,positive
YouTube_Western,@bellamorte666,fenty,shape tape concealer many shade either expect foundation ... there's many brand cater darker skin tone either one calling brand cater dark skin tone find shade fenty care,positive
YouTube_Western,@ptaylorification,fenty,since putting opinion providing constructive criticism tarte launching large shade range might good idea see tarte offer benefit example tarte completely cruelty free brand.now brand mentioned fenty beauty tarte cruelty free mac cruelty free.nars longer cruelty free test animal make forever cruelty freenyx cruelty free bare mineral cruelty freecover fx cruelty free vegan harm animal bobbi brown cruelty free glossier cruelty free estee lauder cruelty free huda beauty cruelty free except lash l'oreal cruelty free show different perspective thing somewhere close nc42 complexion well likely would hard time finding great match present shade range said i'd much rather wait expand shade range buy cruelty free product purchase nars mac bobbi brown makeup forever come ethic mentioned brand market offer shade range fenty cover fx bare mineral good job critical one less foundation great shade range animal cruelty okay animal suffer die makeup choose purchase put face every dollar give non crulety free non vegan brand choosing thousand animal killed google testing make-up animal even youtube please enlighten nice day,negative
YouTube_Western,@nathashapaul5344,fenty,think agree since fenty beauty released foundation brand excuse can't cater towards poc let's stop making excuse ignorant brand loved tarte feel excluded that's great feeling isnt makeup representation get together,positive
YouTube_Western,@amyames7066,fenty,thank video arent afraid speak mind people talked controversy danced around issue felt like people didnt want poss tarte otherwise would get pr list understand take longer make darker shade mean tarte taken time make u brown black girl feel included reason darker color dont sell becuause brand dont make local sephora darker shade fenty beauty consistently sold friend mine waiting week get color week dark shade sell company make buying tarte apologizing insta story isnt permenant u didnt catch bad nope apology need front center genuine sorry tarte lost loyal customer.but thank honest standing love keep great work,positive
YouTube_Western,@ShikhaSingh1303,fenty,love love love fenty <3,positive
YouTube_Western,@etherLune,fenty,fenty one blend perfectly skin flawless âœ¨,positive
YouTube_Western,@laurenmatal353,fenty,fenty match like,positive
YouTube_Western,@anon6116,fenty,still thinking someone get video rihanna someone fenty beauty youd perfect spokesperson company â¤,positive
YouTube_Western,@Mageling55,fenty,see fenty powder vanished good match,positive
YouTube_Western,@elettramia6380,fenty,lighting fenty beauty doesnt look dark would use shade even foundation use lighter shade top darker face powder match skin tone fenty color would work olive skinned girl tan easily,positive
YouTube_Western,@purplebushie,fenty,â€œ see difference â€ bc fenty one became invisible turned ur head oo saw slight difference bc powder matte ur skin glowing light moved gone,neutral
YouTube_Western,@veronicasawyer1958,fenty,fenty beauty haus lab usually giod,positive
YouTube_Western,@faithvanhope6214,fenty,fenty deserves prop use makeup see company see everyone,neutral
YouTube_Western,@coranottellin,fenty,fenty beauty ... take money take ğŸ¤£,positive
YouTube_Western,@Ltommo91,fenty,always fenty beauty â¤ â¤,positive
YouTube_Western,@threella7,fenty,fenty everything b-e-a-u-t-i-f-u-l ğŸ’ƒğŸ¾ ğŸ«¶ğŸ½ ğŸ™ğŸ½,neutral
YouTube_Western,@agtaylor2863,fenty,love fenty idea stupid,positive
YouTube_Western,@nancykerrigan,fenty,first heard promo much mouth thought please let prank fenty girl,positive
YouTube_Western,@stephiesun1145,fenty,love line fenty beauty sent ketchup ... ğŸ˜… ğŸ˜… ğŸ˜…,positive
YouTube_Western,@LightingJedi,fenty,love 2fenty glow juicy,positive
YouTube_Western,@michellebarnes7725,fenty,shade fenty gloss,neutral
YouTube_Western,@mayurixoxo4126,fenty,actually got fenty lip gloss free im obsessed,positive
YouTube_Western,@OnlineAddict,fenty,darke skinned consider buy fenty future support business concept inclusivity really like good product work dark skinned girl,positive
YouTube_Western,@kateysandon,fenty,fenty beauty amazing love designed line inclusive everyone amazing ğŸ˜»,positive
YouTube_Western,@catherinehackler8409,fenty,think weird fenty trendsetter makeup company really need start adding extreme spectrum shade way many friend pale say use white face paint cause cant find anything else lmao beautiful dark babe cant find anything dark enough catch cosmetic industry,positive
YouTube_Western,@samfrost6474,fenty,i'm pale af like pale there's still many company could shop fenty beauty get much money mean hello listens,positive
YouTube_Asian,@RowenStelling,tirtir,tirtir tear tear,neutral
YouTube_Asian,@zayfizy7189,tirtir,tirtir japan,neutral
YouTube_Asian,@Robloxloabrr,tirtir,terter hahahha tirtir,neutral
YouTube_Asian,@brownie9085,tirtir,hope tirtir influence brand inclusive shade,positive
YouTube_Asian,@gutznblxssxms,tirtir,tirtir fr locked,neutral
YouTube_Asian,@Zahra-py3yn,tirtir,beautifully explained â¤ ï¸ shade using red tirtir,positive
YouTube_Asian,@drpri1836,tirtir,damn ... medium girlies left chat ... wanted buy glad tirtir cushion foundation best â¤ got shade 29n perfect match,positive
YouTube_Asian,@Sjochumsen,tirtir,bought bb cream year ago way dark lightest shade unfortunatly tirtir still color japan still sadly really want try,negative
YouTube_Asian,@liahbobita,tirtir,tirtir cushion oxidize im interested bc expanded shade range im worried shade im eyeing might run dark orange,positive
YouTube_Asian,@predilection,tirtir,think skintone use tirtir missha shade definitely interested makeup reccs thank,positive
YouTube_Asian,@steph8340,tirtir,tirtir actually working expanding shade range recently released darker shade red compact know still long way go least they're listening,neutral
YouTube_Asian,@haniiyoon,tirtir,personally id say tirtir cushion foundation offer fairly good shade range least better brand like shade im mistaken,positive
YouTube_Asian,@anatonin8917,tirtir,unfortunately couldnt find good shade tirtir cushion japan ğŸ˜¢,negative
YouTube_Asian,@sweetcarolineq,tirtir,agree many pic ğŸ‘ğŸ¼ ğŸ‘ğŸ¼ ğŸ‘ğŸ¼ never tried daisique want tirtir lip oil ğŸ˜Š btw tirtir cushion shade online amazon got red one 24w perfect match,positive
YouTube_Asian,@selinvox4643,tirtir,love ur honest review watch video tirtir global site many confusing video floating around semi matte apparently swipe tap cover use finger apply sponge provided beauty blender brush needed use powder eye nose area lol ğŸ˜‚ ğŸ˜‚,positive
YouTube_Asian,@s.jensen1492,tirtir,im big k beauty lover especially skin care purchased tirtir foundation due fact many foundation moment .. thank great review â¤,positive
YouTube_Asian,@sassybanjo3586,tirtir,bit tirtir sorry sits pore hate used missha bb cream today love,positive
YouTube_Asian,@vikkki,tirtir,tirtir break ... look bad around mouth day go,negative
YouTube_Asian,@stephaniecasey8557,tirtir,loving tirtir ceramic skin moisturizer feel work like charlotte tilbury magic cream far less cha-ching,positive
YouTube_Asian,@americangirl4410,tirtir,live tirtir cushion foundation â€¦ arent applying way shown apply colour best match sponge completely used â€¦ end point think shade 23n sand might matched better,positive
YouTube_Asian,@Yorkiemom315,tirtir,like tirtir first struggled puff came watched robert welsh showed use puff love makeup never looked good like first also used much first time,positive
YouTube_Asian,@juliahester1945,tirtir,love love love headband today ğŸ’• ğŸ’• jen phelps care tirtir broke i'm anxious see review stain pretty,positive
YouTube_Asian,@joinspace3864,tirtir,hear white tirtir id like see aswell,positive
YouTube_Asian,@AnneFox-mb5qt,tirtir,loved tirtir wore dog gala event last week foundation favorite foundation used reason work great skin guess imon bandwagon tiktok people love tint used cheek lip im totally agreeing eyeshadow good chunk glitter maybe trim glimmer another pallet tirtir look great also,positive
YouTube_Asian,@aiquinn,tirtir,said tirtir doesnt spf thats easily make shade wont ashy cushion actually spf,negative
YouTube_Asian,@tealialily,tirtir,experienced tirtir foundation oxidizing badly,negative
YouTube_Asian,@AngeeloRabaya,tirtir,tirtir launched new shade releasing may new shade darker 29n natural beige used new darker shade 33c hazel 33n macchiato 35n walnut 40n cinnamon 43n deep cocoa new dark shade tan dark skin tone they'll probably release deeper shade june shade soon shade june starting may shade,positive
